{
  "hash": "8cc2b7b1",
  "configHash": "7aa9c54b",
  "lockfileHash": "bee02823",
  "browserHash": "5e7ab467",
  "optimized": {
    "@angular/core": {
      "src": "../../../../../../node_modules/@angular/core/fesm2022/core.mjs",
      "file": "@angular_core.js",
      "fileHash": "f9a8f67a",
      "needsInterop": false
    },
    "@angular/platform-browser": {
      "src": "../../../../../../node_modules/@angular/platform-browser/fesm2022/platform-browser.mjs",
      "file": "@angular_platform-browser.js",
      "fileHash": "4a464889",
      "needsInterop": false
    },
    "@angular/router": {
      "src": "../../../../../../node_modules/@angular/router/fesm2022/router.mjs",
      "file": "@angular_router.js",
      "fileHash": "3b0e7322",
      "needsInterop": false
    },
    "@angular/common/http": {
      "src": "../../../../../../node_modules/@angular/common/fesm2022/http.mjs",
      "file": "@angular_common_http.js",
      "fileHash": "dc26fa00",
      "needsInterop": false
    },
    "rxjs": {
      "src": "../../../../../../node_modules/rxjs/dist/esm5/index.js",
      "file": "rxjs.js",
      "fileHash": "6f478bd6",
      "needsInterop": false
    },
    "@angular/core/rxjs-interop": {
      "src": "../../../../../../node_modules/@angular/core/fesm2022/rxjs-interop.mjs",
      "file": "@angular_core_rxjs-interop.js",
      "fileHash": "efd5a35d",
      "needsInterop": false
    },
    "@angular/common": {
      "src": "../../../../../../node_modules/@angular/common/fesm2022/common.mjs",
      "file": "@angular_common.js",
      "fileHash": "951beedd",
      "needsInterop": false
    }
  },
  "chunks": {
    "chunk-6G7LGJ2T": {
      "file": "chunk-6G7LGJ2T.js"
    },
    "chunk-KKRB7YGY": {
      "file": "chunk-KKRB7YGY.js"
    },
    "chunk-MG3U2SUJ": {
      "file": "chunk-MG3U2SUJ.js"
    },
    "chunk-CVVAAMXL": {
      "file": "chunk-CVVAAMXL.js"
    },
    "chunk-OLJ2W2BP": {
      "file": "chunk-OLJ2W2BP.js"
    },
    "chunk-S35MAB2V": {
      "file": "chunk-S35MAB2V.js"
    }
  }
}